name,province
Revelstoke,BC
Boswell,BC
West Kelowna,BC
Kelowna,BC
Maple Ridge,BC
Calgary,AB
Camrose,AB
Airdrie,AB
Qualicum Beach,BC
Saskatoon,SK
Campbell River,BC
Castor,AB
Red Deer,AB
Lethbridge,AB
Vancouver,BC
Okotoks,AB
Medicine Hat,AB
Surrey,BC
Langley,BC
Grande Prairie,AB
Fort Macleod,AB
Nanaimo,BC
Whaletown,BC
Rural Foothills County,AB
Unity,SK
Rural Camrose County,AB
Blackfalds,AB
Fort McMurray,AB
Tumbler Ridge,BC
Burnaby,BC
Radium Hot Springs,BC
Enderby,BC
Quesnel,BC
Powell River,BC
Fort St. John,BC
Lake Country,BC
Sicamous,BC
Sorrento,BC
Port McNeill,BC
Vanderhoof,BC
Prince George,BC
Summerland,BC
Coldstream,BC
Salmon Arm,BC
Kamloops,BC
Wilkie,SK
103 Mile House,BC
Vernon,BC
Port Hardy,BC
Cherryville,BC
Penticton,BC
Canal Flats,BC
Sun Peaks,BC
Burns Lake,BC
Nelson,BC
Daysland,AB
Rural Cypress County,AB
Savary Island,BC
Canmore,AB
Barriere,BC
Spallumcheen,BC
Big White,BC
Merritt,BC
Williams Lake,BC
Galahad,AB
Blind Bay,BC
Smithers,BC
Appledale,BC
Heisler,AB
New Westminster,BC
Courtenay,BC
Whistler,BC
Valemount,BC
Peachland,BC
Golden,BC
Chase,BC
Rural Rocky View County,AB
Edmonton,AB
Cranbrook,BC
Grande Cache,AB
Richmond,BC
Dawson Creek,BC
Pritchard,BC
Squamish,BC
Prince Albert Rm No. 461,SK
100 Mile House,BC
Eckville,AB
Rural Clearwater County,AB
Carbon,AB
Coombs,BC
Chilliwack,BC
Vauxhall,AB
Port Alberni,BC
Cochrane,AB
Coquitlam,BC
Keremeos,BC
Okanagan Falls,BC
Kathyrn,AB
Prince Albert,SK
Halfmoon Bay,BC
Brooks,AB
North Vancouver,BC
Oyama,BC
West Vancouver,BC
Parksville,BC
Castlegar,BC
"Rural Grande Prairie No. 1, County of",AB
Lloydminster,AB
Stavely,AB
Coalhurst,AB
Stettler,AB
Lions Bay,BC
Aberdeen Rm No. 373,SK
Beaumont,AB
Madeira Park,BC
Hope,BC
Olds,AB
Port Coquitlam,BC
North Battleford,SK
Spirit River,AB
Shellbrook,SK
Drumheller,AB
Dunmore,AB
Merville,BC
Balzac,AB
Minburn,AB
Redcliff,AB
Rural Red Deer County,AB
Mission,BC
Comox,BC
Rural Bonnyville M.D.,AB
Lantzville,BC
North Battleford Rm No. 437,SK
Chestermere,AB
Sechelt,BC
Turtle Lake,SK
St. Albert,AB
Bowen Island,BC
Rocky Mountain House,AB
Spruce Grove,AB
Agassiz,BC
Nanoose Bay,BC
Rosetown,SK
Sylvan Lake,AB
Cold Lake,AB
"Rural Stettler No. 6, County of",AB
Martensville,SK
Rural Lacombe County,AB
Langdon,AB
McBride,BC
Kimberley,BC
Rural,SK
Tappen,BC
Port Moody,BC
108 Mile Ranch,BC
Port Alice,BC
Jasper,AB
Wells / Barkerville,BC
Conklin,AB
Ashcroft,BC
Logan Lake,BC
Innisfail,AB
"Rural Taber, M.D. of",AB
Asquith,SK
Oliver,BC
Garden Bay,BC
Gibsons,BC
Fairmont Hot Springs,BC
Fernie,BC
Naramata,BC
Rural Strathcona County,AB
Coaldale,AB
Armstrong,BC
Diamond Valley,AB
Kaslo,BC
Jaffray,BC
Meadow Lake,SK
High River,AB
Invermere,BC
New Denver,BC
Heritage Pointe,AB
Denman Island,BC
Rural Saddle Hills County,AB
Lloydminster,SK
Royston,BC
Anmore,BC
Delta,BC
Peace River,AB
Bow Island,AB
Didsbury,AB
Fanny Bay,BC
"Rural Vermilion River, County of",AB
"Rural Greenview No. 16, M.D. of",AB
Clairmont,AB
Banff,AB
Pitt Meadows,BC
Desert Blume,AB
Rural Yellowhead County,AB
Jarvis Bay,AB
Christopher Lake,SK
Assiniboia,SK
Warman,SK
Lacombe,AB
Lakeland Rm No. 521,SK
Harvie Heights,AB
Corman Park Rm No. 344,SK
Strathmore,AB
Claresholm,AB
Houston,BC
Chetwynd,BC
Lacadena Rm No. 228,SK
Lumby,BC
Swan Hills,AB
Walsh,AB
Windermere,BC
Deka Lake / Sulphurous / Hathaway Lakes,BC
Roberts Creek,BC
Hinton,AB
Westbank,BC
Hudsons Hope,BC
Edson,AB
Beasley,BC
Harrison Hot Springs,BC
Swift Current Rm No. 137,SK
Princeton,BC
Gull Lake,SK
Quadra Island,BC
Athabasca,AB
Elkford,BC
Swift Current,SK
Canwood Rm No. 494,SK
Vanscoy,SK
Birchcliff,AB
Hythe,AB
Sexsmith,AB
Gravelbourg,SK
Battleford,SK
Hanna,AB
Saprae Creek,AB
Kindersley,SK
Hafford,SK
Rural Northern Sunrise County,AB
Valleyview,AB
Whitecourt,AB
Two Hills,AB
Lillooet,BC
Stony Plain,AB
Pender Harbour,BC
Carstairs,AB
Oyen,AB
Clinton,BC
Sparwood,BC
Balfour,BC
Lac La Biche,AB
Egmont,BC
Cardston,AB
Kuskanook,BC
Ryley,AB
Bowden,AB
Lashburn,SK
Gabriola Island,BC
Baynes Lake,BC
Clive,AB
No City Value,BC
Bowser,BC
Kaleden,BC
Grimshaw,AB
Waldheim,SK
Pemberton,BC
Milden,SK
Birsay,SK
Rural Woodlands County,AB
Rural Athabasca County,AB
Alert Bay,BC
Spruce Home,SK
Leask Rm No. 464,SK
Springbrook,AB
Vermilion,AB
New Norway,AB
Rapid View,SK
Tees,AB
Kincaid,SK
Charlie Lake,BC
Pouce Coupe,BC
Robson,BC
Colonsay,SK
Nakusp,BC
Ponoka,AB
Clearwater,BC
Dundurn,SK
Lake Koocanusa,BC
Osler,SK
Fairview,AB
Three Hills,AB
Harrison Mills,BC
"Rural Peace No. 135, M.D. of",AB
Lac Des Iles,SK
Keats Island,BC
Sayward,BC
Bentley,AB
White Sands,AB
Forestburg,AB
Coleman,AB
Killam,AB
Provost,AB
Rosebud,AB
Wembley,AB
Beaverlodge,AB
Wainwright,AB
Ymir,BC
Crossfield,AB
"Rural Wainwright No. 61, M.D. of",AB
Rural Ponoka County,AB
Rosedale,BC
Rural Starland County,AB
Rural Parkland County,AB
Rural Mountain View County,AB
Tilley,AB
Parkland Beach,AB
Kitscoty,AB
Marshall,SK
St. Walburg,SK
Shaughnessy,AB
Panorama,BC
Dorintosh,SK
Trochu,AB
Shaunavon,SK
Iron Springs,AB
Anglemont,BC
Pincher Creek,AB
Bezanson,AB
Boston Bar / Lytton,BC
La Crete,AB
Brisco,BC
Girouxville,AB
Marwayne,AB
Falkland,BC
Slocan,BC
Morris Rm No. 312,SK
Outlook,SK
Grassy Lake,AB
Winlaw,BC
Sheridan Lake,BC
Canim Lake,BC
Tarrys,BC
Whitelaw,AB
Marsden,SK
Bluesky,AB
Delburne,AB
Taber,AB
Mervin,SK
Spillimacheen,BC
Spur Valley,BC
Maple Creek,SK
Eagle Bay,BC
La Glace,AB
McLure,BC
Wells,BC
Leduc,AB
Salmo,BC
North Shuswap,BC
Lake Newell Resort,AB
Dundurn Rm No. 314,SK
Sherwood Park,AB
High Prairie,AB
Neilburg,SK
Vanscoy Rm No. 345,SK
Diefenbaker Lake,SK
Viscount,SK
Tulameen,BC
Loon Lake,BC
Wakaw,SK
Granisle,BC
Hays,AB
Delacour,AB
Priddis Greens,AB
Lyalta,AB
Irricana,AB
De Winton,AB
Bragg Creek,AB
Wedgewood,AB
Rural Lethbridge County,AB
Penhold,AB
Norglenwold,AB
Abbotsford,BC
Prince Rupert,BC
Kitimat,BC
Osoyoos,BC
Rossland,BC
Rivervale,BC
White Rock,BC
Sardis,BC
Ladysmith,BC
Tofino,BC
Ucluelet,BC
Terrace,BC
Cultus Lake,BC
Tsawwassen,BC
Trail,BC
Fruitvale,BC
Manning Park,BC
Saltair,BC
Stewart,BC
Port Clements,BC
Grand Forks,BC
Hazelton,BC
Ladner,BC
Chemainus,BC
Mudge Island,BC
Aberdeen,BC
Lindell Beach,BC
Beaver Falls,BC
Midway,BC
Columbia Valley,BC
Belcarra,BC
Sardis - Chwk River Valley,BC
Ryder Lake,BC
Rutland,BC
Victoria,BC
Saanich,BC
Esquimalt,BC
Langford,BC
Colwood,BC
Metchosin,BC
View Royal,BC
Malahat,BC
Sooke,BC
Highlands,BC
Oak Bay,BC
Central Saanich,BC
Shawnigan Lake,BC
Sidney Island,BC
Poplar Creek,BC
Protection Island,BC
Ruxton Island,BC
Decourcy Island,BC
Gambier Island,BC
Scotch Creek,BC
Moose Jaw,SK
Regina,SK
Oxbow,SK
St. Brieux,SK
Longlaketon Rm No. 219,SK
Yorkton,SK
Estevan,SK
Tisdale,SK
Carnduff,SK
Weyburn Rm No. 67,SK
Lestock,SK
Davin,SK
Wolseley,SK
Emerald Park,SK
Balcarres,SK
Grand Coulee,SK
Watrous,SK
Sturgis,SK
Lang,SK
Dryden,ON
Buffalo Point,MB
Lipton,SK
Humboldt,SK
Melfort,SK
Hudson Bay,SK
Out of Province_Alberta,MB
Winnipeg,MB
Ear Falls,ON
Watson,SK
Moosomin,SK
Yellow Grass,SK
Melville,SK
Weyburn,SK
Lumsden Rm No. 189,SK
Clearwater Bay (Boys),ON
Kannata Valley,SK
The Gap Rm No. 39,SK
Steinbach,MB
Wynyard,SK
Kelliher,SK
Balgonie,SK
Brandon,MB
Kenora,ON
Bangor,SK
White City,SK
Govan,SK
Cana Rm No. 214,SK
Tyvan,SK
Moosomin Rm No. 121,SK
Preeceville,SK
Wallace Rm No. 243,SK
Kamsack,SK
Bulyea,SK
Whitewood,SK
Pilot Butte,SK
Lac La Ronge Provincial Park,SK
Broadview,SK
Connaught Rm No. 457,SK
Milestone,SK
Nipawin,SK
Hazel Dell,SK
Bethune,SK
Richer,MB
Machin,ON
Ignace,ON
Radville,SK
Kenosee Lake,SK
Indian Head,SK
Clayton Rm No. 333,SK
Grenfell,SK
Leroy,SK
Edenwold,SK
Crooked River,SK
Southey,SK
Katepwa Beach,SK
Canora,SK
Hudson Bay Rm No. 394,SK
St Adolphe,MB
Kerrobert,SK
Biggar,SK
Kipling,SK
Delaronde Lake,SK
Rosthern,SK
Obonga Lake,ON
Domremy,SK
Regina Beach,SK
Macnutt,SK
Esterhazy,SK
Hoodoo Rm No. 401,SK
Herbert,SK
Cochenour,ON
East St Paul,MB
Pike Lake,SK
St. Louis,SK
Paradise Hill,SK
Moose Jaw Rm No. 161,SK
Miry Creek Rm No. 229,SK
Niverville,MB
Westbourne (town),MB
La Ronge,SK
Good Lake Rm No. 274,SK
Bergheim Estates,SK
Lanigan,SK
Nipawin Rm No. 487,SK
Fort Qu'Appelle,SK
Blaine Lake,SK
Riverside Estates,SK
Lumsden,SK
Greenbryre,SK
Pittville Rm No. 169,SK
Loon Lake,SK
Buena Vista,SK
Harris Rm No. 316,SK
Dalmeny,SK
Rouleau,SK
Strasbourg,SK
Radisson,SK
Pierceland,SK
Wood River Rm No. 74,SK
Alameda,SK
St. Peter RM No. 369,SK
Birch Hills,SK
Kleefeld,MB
Meacham,SK
Star City Rm No. 428,SK
Paddockwood Rm No. 520,SK
Wadena,SK
Wawota,SK
Torch River Rm No. 488,SK
Glaslyn,SK
Humboldt Lake,SK
Shellbrook Rm No. 493,SK
Richmound,SK
Jackfish Lake,SK
Candle Lake,SK
Luseland,SK
Emma Lake,SK
St. Victor,SK
Kindersley Rm No. 290,SK
Fish Creek Rm No. 402,SK
Pickle Lake,ON
Battle River Rm No. 438,SK
Davidson,SK
Willow Creek Rm No. 458,SK
Island View,SK
Bienfait,SK
Buckland Rm No. 491,SK
Hazel Dell Rm No. 335,SK
Buffalo Pound Lake,SK
Langenburg,SK
West St Paul,MB
King George Rm No. 256,SK
Eastend,SK
Avonlea,SK
Spring Bay,SK
Red Lake,ON
Arm River Rm No. 252,SK
Humboldt Rm No. 370,SK
Ogema,SK
Aquadeo,SK
St Clements,MB
Perdue Rm No. 346,SK
Arborfield Rm No. 456,SK
Bengough,SK
Arcola,SK
Loreburn Rm No. 254,SK
Lake Johnston Rm No. 102,SK
Saltcoats,SK
Gimli Rm,MB
Crystal Lake,SK
Young,SK
Macoun,SK
Grasswood,SK
Benson,SK
Griffin,SK
Blackstrap Shields,SK
Maidstone,SK
Maple Creek Rm No. 111,SK
Willow Bunch,SK
Grayson Rm No. 184,SK
Virden,MB
Grandora,SK
Ketchen,SK
Meadow Lake Rm No.588,SK
Headingley,MB
Nipigon,ON
Midale,SK
Sliding Hills Rm No. 273,SK
Blucher Rm No. 343,SK
Eyebrow Rm No. 193,SK
Gerald,SK
Carrot River,SK
Lorette,MB
Redditt,ON
Lac La Ronge,SK
Orkney Rm No. 244,SK
Grant Rm No. 372,SK
Cudworth,SK
Crooked Lake,SK
Storthoaks,SK
Denzil,SK
Moose Creek Rm No. 33,SK
Carievale,SK
Kelvington,SK
Wood Creek Rm No. 281,SK
Lumsden Beach,SK
Jansen,SK
Lac Pelletier,SK
Willner Rm No. 253,SK
Fertile Belt Rm No. 183,SK
Keys Rm No. 303,SK
Eyebrow,SK
Carlyle,SK
Tompkins,SK
Elfros Rm No. 307,SK
Loreburn,SK
Unorganized,ON
Delisle,SK
Pense,SK
Meota,SK
Eagle River,ON
Frontier,SK
Caronport,SK
S of Keewatin,ON
Coronach,SK
Creelman,SK
Dinsmore,SK
Wiseton,SK
Qu'Appelle,SK
Ponass Lake Rm No. 367,SK
Bladworth,SK
Montmartre,SK
Elk Ridge,SK
Conquest,SK
Dubuc,SK
Maryfield,SK
Earl Grey,SK
Hodgeville,SK
Gimli,MB
Hawarden,SK
Balmertown,ON
Ituna,SK
Blackstrap Skyview,SK
B-Say-Tah,SK
Leroy Rm No. 339,SK
Snipe Lake Rm No. 259,SK
Sturgeon Lake,SK
Imperial,SK
Macrorie,SK
Spalding,SK
Goodsoil,SK
Quinton,SK
Phillips Grove,SK
Riceton,SK
Dore Lake,SK
Morse,SK
Municipality Machin,ON
Lebret,SK
Meeting Lake,SK
Tobin Lake,SK
Annaheim,SK
Pelly,SK
Middle Lake,SK
Perdue,SK
Laird Rm No. 404,SK
Edenwold Rm No. 158,SK
Lampman,SK
Stockholm,SK
Leader,SK
Choiceland,SK
Glen Ewen,SK
Shields,SK
Foam Lake,SK
Mistusinne,SK
Sherwood Rm No. 159,SK
Dixon Lake,SK
Lintlaw,SK
Dinorwic,ON
Spiritwood,SK
Hillsborough Rm No. 132,SK
Moose Mountain Rm No. 63,SK
Wolverine Rm No. 340,SK
Keewatin,ON
Oungre,SK
Bruno,SK
Spalding Rm No. 368,SK
Eston,SK
Mclean,SK
Buchanan,SK
Donavon,SK
Wapella,SK
Kipabiskau Lake,SK
Kingsley Rm No. 124,SK
Lomond Rm No. 37,SK
Springside,SK
Denare Beach,SK
Chaplin Rm No. 164,SK
Brightsand Lake,SK
Buffalo Rm No. 409,SK
Saskatchewan Beach,SK
Fillmore,SK
Borden,SK
Baldwinton,SK
Good Spirit Lake,SK
Naicam,SK
Craven,SK
Lafleche,SK
Makwa,SK
Raymore,SK
Vonda,SK
Limerick,SK
Montrose Rm No. 315,SK
Buffalo Narrows,SK
Spy Hill,SK
Cadillac,SK
Stenen,SK
Pleasantdale Rm No. 398,SK
Calder Rm No. 241,SK
Hoey,SK
Selkirk,MB
Furdale,SK
Love,SK
Estevan Rm No. 5,SK
Wawken Rm No. 93,SK
Redvers,SK
Souris Valley Rm No. 7,SK
Rocanville,SK
Elcapo Rm No. 154,SK
Hyas,SK
Porcupine Rm No. 395,SK
Shell Lake,SK
Porcupine Plain,SK
Casa Rio,SK
Spy Hill Rm No. 152,SK
Kayville,SK
Big Shell,SK
Tramping Lake Rm No. 380,SK
Vibank,SK
Quill Lake,SK
Gravelbourg Rm No. 104,SK
Spiritwood Rm No. 496,SK
Bredenbury,SK
Kennedy,SK
Englefeld,SK
Lake Lenore Rm No. 399,SK
Golden West Rm No. 95,SK
Holdfast,SK
Palliser Regional Park,SK
Chaplin,SK
Central Butte,SK
Manor,SK
Fleming,SK
Elbow,SK
Portage La Prairie,MB
Cote Rm No. 271,SK
Sarnia Rm No. 221,SK
Kyle,SK
Beaver River Rm No. 622,SK
Hanley,SK
Redberry Lake,SK
Lajord Rm No. 128,SK
Smeaton,SK
Brock Rm No. 64,SK
Landis,SK
Yellow Creek,SK
Ste Anne Rm,MB
Aberdeen,SK
Allan,SK
Wheatlands Rm No. 163,SK
Birch Hills Rm No. 460,SK
Mortlach,SK
Edam,SK
Punnichy,SK
Missinipe,SK
Wood Mountain,SK
Martin Rm No. 122,SK
Wabigoon,ON
Pebble Baye,SK
White Bear Lake,SK
Barrier Valley Rm No. 397,SK
Tribune,SK
Parkdale Rm No. 498,SK
Cabri,SK
Moose Mountain Provincial Park,SK
South Qu'Appelle Rm No. 157,SK
Moose Range Rm No. 486,SK
Big River,SK
Dodsland,SK
Rocanville Rm No. 151,SK
Douglas Rm No. 436,SK
Cut Knife,SK
Rose Valley,SK
Sandy Beach,SK
St. Isidore De Bellevue,SK
Mckillop Rm No. 220,SK
Dollard,SK
Thompson,MB
Cymri Rm No. 36,SK
Usborne Rm No. 310,SK
Jackfish Murray,SK
Lemberg,SK
Carman,MB
Iroquois Lake,SK
Beaver Creek,SK
Climax,SK
Grassy Creek Rm No. 78,SK
Abernethy,SK
Gainsborough,SK
Redburn Rm No. 130,SK
Grass Lake Rm No. 381,SK
Air Ronge,SK
Ponteix,SK
Marean Lake,SK
Sled Lake,SK
Waseca,SK
Hague,SK
Welwyn,SK
Cut Knife Rm No. 439,SK
Whelan Bay,SK
Bone Creek Rm No. 108,SK
Sarto,MB
Monet Rm No. 257,SK
Leask,SK
Markinch,SK
Northern Admin District,SK
Garden River Rm No. 490,SK
Manitou Beach,SK
Sioux Lookout,ON
Metinota,SK
Dufferin Rm No. 190,SK
Poplar Valley Rm No. 12,SK
Sarilia Country Estates,SK
Good Spirit Acres,SK
Grandview Rm No. 349,SK
Hazenmore,SK
Lucien Lake,SK
Mervin Rm No.499,SK
North Shore Fishing Lake,SK
Bjorkdale Rm No. 426,SK
Fillmore Rm No. 96,SK
Round Lake,SK
Tramping Lake,SK
Moosomin Regional Park,SK
Alida,SK
Coalfields Rm No. 4,SK
Sheho,SK
Marcelin,SK
Willowdale Rm No. 153,SK
Riverside Rm No. 168,SK
Pense Rm No. 160,SK
Abernethy Rm No. 186,SK
Canaan Rm No. 225,SK
Francis Rm No. 127,SK
Maryfield Rm No. 91,SK
Coleville,SK
Semans,SK
Paynton Rm No. 470,SK
Mankota,SK
Little Bear Lake,SK
Big River Rm No. 555,SK
Cowan Lake,SK
Stoughton,SK
Glen Harbour,SK
Bayne Rm No. 371,SK
Chesterfield Rm No. 261,SK
Waldof,ON
Zenon Park,SK
Mossbank,SK
Briercrest,SK
Scott,SK
Brownlee,SK
Antler Rm No. 61,SK
Creighton,SK
Rabbit Lake,SK
Greenwater Provincial Park,SK
Biggar Rm No. 347,SK
Marquis Rm No. 191,SK
Hillmond,SK
Burgis Beach,SK
Makwa Lake,SK
Three Lakes Rm No. 400,SK
Colonsay Rm No. 342,SK
Flaxcombe,SK
Winslow Rm No. 319,SK
Frobisher,SK
Loon Lake Rm No. 561,SK
Wakaw Lake,SK
Langenburg Rm No. 181,SK
Chante Lake,SK
Round Valley Rm No. 410,SK
Stewart Valley,SK
Chamberlain,SK
Hartney,MB
Tantallon,SK
Brock,SK
Mozart,SK
Val Marie,SK
Duck Lake Rm No. 463,SK
North Portal,SK
Churchbridge,SK
Smiley,SK
Success,SK
Weekes,SK
Dauphin,MB
Muenster,SK
Glen Mcpherson Rm No. 46,SK
Saltcoats Rm No. 213,SK
Collingwood Lakeshore Estates,SK
Rockglen,SK
Webb Rm No. 138,SK
Fox Valley,SK
Verwood,SK
Craik,SK
Halbrite,SK
Craik Rm No. 222,SK
Lake Of The Rivers Rm No. 72,SK
Sceptre,SK
Lipton Rm No. 217,SK
Excelsior Rm No. 166,SK
Nemeiben Lake,SK
Lac La Plonge,SK
Windthorst,SK
Beauval,SK
Clemenceau,SK
Torquay,SK
Wee Too Beach,SK
Phippen,SK
Pasqua Lake,SK
Wilton Rm No. 472,SK
Ferguson Bay,SK
Murray Lake,SK
Tuxford,SK
Enniskillen Rm No. 3,SK
Fishing Lake,SK
Preeceville Rm No. 334,SK
Livingston Rm No. 331,SK
Laporte,SK
North Weyburn,SK
Margo,SK
Fish Lake,SK
Neudorf,SK
Lawtonia Rm No. 135,SK
Jan Lake,SK
Thomson Lake,SK
Turtleford,SK
Progress Rm No. 351,SK
Weyakwin,SK
IGNACE,ON
Meeting Lake Rm No.466,SK
Frenchman Butte Rm No. 501,SK
Hitchcock Bay,SK
Swan Plain,SK
Leslie Beach,SK
Francis,SK
Fort San,SK
Bratt's Lake Rm No. 129,SK
Sedley,SK
Minaki,ON
Star City,SK
Langham,SK
Buchanan Rm No. 304,SK
Colgate,SK
Wise Creek Rm No. 77,SK
Happyland Rm No. 231,SK
Bellegarde,SK
Battlefords Provincial Park,SK
Anglin Lake,SK
Fletts Springs Rm No. 429,SK
Chitek Lake,SK
Forget,SK
Nokomis,SK
Milden Rm No. 286,SK
Marriott Rm No. 317,SK
Weirdale,SK
Vermilion Bay,ON
Sioux Narrows/Nestor Falls,ON
Madsen,ON
Nestor Falls,ON
Barrie,ON
Holland Landing,ON
Durham,ON
Brampton,ON
Sault Ste. Marie,ON
Huron Shores,ON
Oro-Medonte,ON
Atwood,ON
Thunder Bay,ON
Elliot Lake,ON
Creston,BC
Orillia,ON
Centre Wellington,ON
Whitby,ON
Innisfil,ON
Sault Ste Marie,ON
Gravenhurst,ON
Emo,ON
Everett,ON
Collingwood,ON
Goulais River,ON
Erickson,BC
Kaministiquia,ON
Angus,ON
Wasaga Beach,ON
Bowmanville,ON
Vaughan,ON
Huntsville,ON
Drayton,ON
Saugeen Shores,ON
Midland,ON
Midhurst,ON
Bradford West Gwillimbury,ON
Thornbury,ON
Oshawa (Central),ON
Shanty Bay,ON
Red Rock,ON
Adjala-Tosorontio,ON
Bracebridge,ON
Restoule,ON
Tiny,ON
Tweed,ON
Sebright,ON
Greater Sudbury,ON
New Lowell,ON
Caledon,ON
Elmvale,ON
Coldbrook,NS
Aylesford,NS
Stratford,PE
Chance Harbour,NS
Gardiner Mines,NS
Central Onslow,NS
Mount Stewart,PE
Lunenburg,NS
Conway,NS
Indian Mountain,NB
Charlottetown,PE
Summerside,PE
Middle Sackville,NS
South Brook,NS
Middleton,NS
Timberlea,NS
Lady Fane,PE
Saint John,NB
Petitcodiac,NB
Whites Lake,NS
Glace Bay,NS
Moncton,NB
Chamcook,NB
Boundary Creek,NB
Halifax,NS
Cornwall,PE
Shediac,NB
Pointe-Verte,NB
Lower Greenwich,NB
Wilsons Beach,NB
Salisbury,NB
Newport Corner,NS
Edmundston,NB
Wheaton Settlement,NB
Maitland,NS
Second North River,NB
Shediac Cape,NB
Clinton,PE
Greenwich,NS
Brackley Beach,PE
Dartmouth,NS
West End,NS
Borden-Carleton,PE
Waasis,NB
Kentville,NS
Enfield,NS
Mahone Bay,NS
Hammonds Plains,NS
Fall River,NS
Hunter River,PE
Riverview,NB
Nicholsville,NS
Bedford,NS
Pictou,NS
Egerton,NS
Bible Hill,NS
West Pubnico,NS
Grande-Digue,NB
Dieppe,NB
Sackville,NB
Pisquid,PE
Windermere,NS
Port Hawkesbury,NS
Bathurst,NB
Truro,NS
East Royalty,PE
Burton,NB
Belleville,NB
Meteghan,NS
Garden Lots,NS
Warren Grove,PE
Spryfield,NS
Sydney,NS
Florence,NS
Port Bickerton,NS
River John,NS
Village-Blanchard,NB
Bishop's Falls,NL
Wolfville,NS
Kinnear Settlement,NB
Truro Heights,NS
Fortune Cove,PE
Morell,PE
Tide Head,NB
Sainte-Marie-De-Kent,NB
Jordan Falls,NS
Keswick Ridge,NB
Lewis Lake,NS
Durham Bridge,NB
Beaver Bank,NS
Rothesay,NB
Cole Harbour,NS
Beechville,NS
Minto,NB
Fergusons Cove,NS
Fredericton,NB
Corner Brook,NL
West Chezzetcook,NS
New Waterford,NS
Valley,NS
St. David's,NL
Sormany,NB
New Maryland,NB
Lower Sackville,NS
Bridgewater,NS
Saumarez,NB
Bas-Caraquet,NB
Stillwater Lake,NS
Codroy Valley,NL
Grand Falls,NB
Shippagan,NB
Youngs Cove,NB
East Margaretsville,NS
Gaspereau Forks,NB
Welshpool,NB
Head Of Jeddore,NS
Cap-Bateau,NB
Springfield,NB
Sydney Mines,NS
Rockingham,NS
Mactaquac,NB
Sydney River,NS
Kensington,PE
Youngs Cove,NS
Kearney Lake,NS
Portapique,NS
Stewiacke,NS
New Glasgow,NS
McLeod Hill,NB
Trenton,NS
Clarks Corner,NB
South Range,NS
Kent Junction,NB
Barachois Brook,NL
Escuminac,NB
Montague,PE
Glen Haven,NS
Pokemouche,NB
Donagh,PE
Stellarton,NS
Ellershouse,NS
Vaughan,NS
Woodville,NS
Boutiliers Point,NS
Mount Pleasant,NS
Upper Onslow,NS
DSL de Drummond/DSL of Drummond,NB
Mill River East,PE
Noonan,NB
Lower Hainesville,NB
Hay Cove,NL
Le Goulet,NB
Grand-Sault/Grand Falls,NB
Greenhill,NS
Saint-Wilfred,NB
North Kentville,NS
Waterford,NB
Brookside,NS
Cocagne,NB
Elderbank,NS
Pointe-Du-Chêne,NB
Upper Ohio,NS
Eastern Passage,NS
Orangedale,NS
Johnstown,ON
New Victoria,NS
Cowie Hill,NS
French Cove,NS
Shediac Bridge,NB
Lantz,NS
Port Au Port East,NL
Orwell,PE
Lyons Brook,NS
Harvey,NB
Waverley,NS
Picadilly,NB
Quispamsis,NB
Somerville,NB
Tower Hill,NB
Salmon River,NS
Cambridge,NS
Miramichi,NB
Rusagonis,NB
Falmouth,NS
White Sands,PE
Kippens,NL
Lincoln,NB
O'Leary,PE
Chelton,PE
Grand Falls Windsor,NL
Roachville,NB
Campbellton,NB
Havelock,NB
Valley Road,NS
Porters Lake,NS
Elmsdale,NS
Saint-Philippe,NB
Acadieville,NB
East Uniacke,NS
Barrington Passage,NS
Cavendish,PE
East Preston,NS
Grand Bay-Westfield,NB
East Kemptville,NS
Bayswater,NB
Tyndal Road,NS
Wheatley River,PE
Eel River Crossing,NB
Penniac,NB
Lower New Cornwall,NS
Brule,NS
Rivière-Verte,NB
St-Hilaire,NB
Deer Island,NB
McCallum Settlement,NS
Grand Manan,NB
Hampton,NB
Westphal,NS
Bouctouche,NB
Musquodoboit Harbour,NS
Lakeshore,ON
Cornwallis Park,NS
Hants Border,NS
Killarney Road,NB
Baxters Corner,NB
Victoria Vale,NS
Saint-Isidore,NB
Portland Hills,NS
South Greenwood,NS
Oakfield,NS
Plaster Rock,NB
Black Point,NS
Cow Bay,NS
Chipman,NB
Mineville,NS
Allardville,NB
Port Anson,NL
Souris,PE
Wirral,NB
ROSE BLANCHE,NL
Woodstock,NB
Lakeville,NB
Paquetville,NB
Flume Ridge,NB
Lepreau,NB
Three Mile Plains,NS
Big Beach,NS
Brooklyn,PE
Denver,NS
West Covehead,PE
Dayton,NS
Balls Creek,NS
Saint-Louis-De-Kent,NB
Springfield,NS
North River,NS
Riverport,NS
Simms Settlement,NS
Murray Siding,NS
Tracadie,NB
Hillsborough,NB
Indian River,PE
Saint-Ignace,NB
Beach Point,PE
Irishtown,NB
Inverness,NS
Cap-Pelé,NB
Martins Point,NS
Port Aux Basques,NL
Summerville,NB
Ship Harbour,NS
Bear River,NS
St George,NB
St. George's,NL
Hubley,NS
South Rawdon,NS
Prospect,NS
Hope River,PE
Greenwood,NS
Clair,NB
Triton,NL
Intervale,NB
Johnstons River,PE
Albert Mines,NB
McKees Mills,NB
Lockhartville,NS
Brooklyn,NS
Terence Bay,NS
Paradise,NS
Maces Bay,NB
Grand Bank,NL
Bath,NB
Hampton,PE
Long River,PE
Fletchers Lake,NS
Herring Cove,NS
Baddeck Inlet,NS
Sherbrooke,PE
Ottawa,ON
Phinneys Cove,NS
Port Elgin,NB
Oakland,NB
Saint-Antoine,NB
Hardwood Lands,NS
Hardwicke,NB
Milburn,PE
Nictaux,NS
New Denmark,NB
Lac Baker,NB
Dutch Settlement,NS
Nine Mile River,NS
Cape Traverse,PE
Hantsport,NS
Clam Bay,NS
West Porters Lake,NS
Tatamagouche,NS
North Sydney,NS
Pont-Landry,NB
Mount Uniacke,NS
Rose Blanche,NL
McDougall's,NL
Amherst,NS
Cumberland,PE
East Green Harbour,NS
Willow Grove,NB
St. Felix,PE
Crescent Beach,NS
Petite Rivière,NS
Riverton,NS
Richibouctou-Village,NB
Lanse-au-Loup,NL
Tabusintac,NB
Flat Bay Brook,NL
Rexton,NB
Sussex Corner,NB
Fairhaven,NB
Halifax Peninsula,NS
Pugwash,NS
Oak Bay,NB
Lower Montague,PE
Mill Village,NS
Williamswood,NS
Edgetts Landing,NB
Joggins,NS
East Chester,NS
Janeville,NB
Rustico,PE
Alberton,PE
Lockeport,NS
North Tetagouche,NB
Port Morien,NS
Kouchibouguac,NB
Saint-Charles,NB
Parkdale,NS
Charleston,NS
Saint-Andre-LeBlanc,NB
Mira Gut,NS
Summerside,NL
Berry Mills,NB
Lake Centre,NS
Antigonish,NS
Black Rock,NS
Notre-Dame-Des-Érables,NB
Perth-Andover,NB
Moores Mills,NB
Necum Teuch,NS
Sainte-Anne-De-Kent,NB
Newton,PE
West Royalty,PE
Memramcook,NB
Steeves Mountain,NB
New Glasgow,PE
New Albany,NS
Howley,NL
New Chester,NS
Belleisle Creek,NB
Forest Glen,NS
Adamsville,NB
Parrsboro,NS
Cherry Valley,ON
Poplar Grove,NS
Mohannes,NB
Saint Andrews,NB
Tupper Lake,NS
Frasers Mountain,NS
Orleans,ON
Labelle,NS
Drummond,NB
Forest Hill,NS
Clark's Harbour,NS
Tantallon,NS
Memramcook East,NB
Kingston,PE
Lamèque,NB
Kars,NB
North Rustico,PE
Blooming Point,PE
Lakeside,PE
Harcourt,NB
Merigomish,NS
Coxheath,NS
Lawrencetown,NS
Gaspereau,NS
Indian Harbour,NS
Goffs,NS
Bass River,NS
Cape John,NS
Dorchester,NB
St. Lawrence,PE
North Chegoggin,NS
Sea Side,NB
Fortune,NL
White Point,NS
Bass River,NB
Grand-Barachois,NB
Grand Falls-Windsor,NL
Little Shemogue,NB
Foreston,NB
Jacksonville,NB
Old Ridge,NB
Guernsey Cove,PE
Savage Harbour,PE
Darnley,PE
Canning,NS
Port Mouton,NS
Deerfield,NS
Brookdale,NS
Mira,NS
Mayfield,PE
Aldouane,NB
Maplewood,NS
Hatchet Lake,NS
Voglers Cove,NS
St. Louis,PE
Saint-Léonard,NB
Aroostook,NB
Greenvale,PE
Port George,NS
Donkin,NS
Mill Road,NS
Auburn,NS
Lorne Valley,PE
Prospect Village,NS
Plympton,NS
York,PE
Karsdale,NS
Armdale,NS
Newcastle Creek,NB
Kinkora,PE
Newport Station,NS
Wentworth,NS
Point Cross,NS
Darlings Island,NB
Robertville,NB
Princedale,NS
Linton Corner,NB
Spectacle Lakes,NS
Wallace Bridge,NS
North Granville,PE
Hanwell,NB
South Head,NS
Stephenville,NL
Grafton,NS
Stanley,NB
Bonne Bay Big Pond,NL
Clam Point,NS
Lyttleton,NB
Jardineville,NB
Anchor Point,NL
Speerville,NB
Corberrie,NS
Mount William,NS
Madoc,ON
Pembroke,ON
Prescott,ON
Lake La Rose,NS
Bay Du Vin,NB
Dalhousie,NB
South Scots Bay,NS
Pine Glen,NB
South End,NS
Port Williams,NS
Deer Lake,NL
Saint-Jacques,NB
Scoudouc,NB
MacDougalls Gulch,NL
Lower South River,NS
Union Corner,PE
Charlo,NB
New Minas,NS
Upper Hammonds Plains,NS
Oxford,NS
Sunny Corner,NB
North Alton,NS
St. Judes,NL
Windsor,NB
Stoney Creek,NB
Summerville Centre,NS
East Baltic,PE
Shoal Brook,NL
Falls Lake,NS
Mispec,NB
Cherry Hill,NS
Whitney Pier,NS
Hilden,NS
Conns Mills,NS
Boylston,NS
Yarmouth,NS
Collette,NB
Bickerton West,NS
Clarendon,NB
Hunts Point,NS
Brookfield,NS
Hoyt,NB
Lower Branch,NS
Stanburne,NS
Badger,NL
Pleasantville,NS
Clairville,NB
Springhill,NS
PORT AUX BASQUES,NL
Douglas,NB
Upham,NB
Blue Rocks,NS
Gravel Hill,NB
East Kingston,NS
South Branch,NB
Wallace,NS
Ammon,NB
Piskahegan,NB
Lakeside,NS
Cooks Brook,NS
Canterbury,NB
Middle River,NB
Springdale,NL
Caraquet,NB
Upper Cape,NB
Black Lake,NS
Grand River,PE
Halifax Regional Municipality,NS
Bayside,NS
French River,NS
Pilleys Islands,NL
Prospect Bay,NS
Dublin Shore,NS
West Dublin,NS
Kempt Head,NS
Wentworth Centre,NS
Garlands Crossing,NS
Union Centre,NS
North Bedeque,PE
Cornwall,ON
Scott Siding,NB
Caledonia,NS
Waterloo,NS
Beersville,NB
Saint-Quentin,NB
Cape George Point,NS
Belyeas Cove,NB
Upper River Denys,NS
Ebenezer,PE
Tracadie,NS
Clyde River,PE
Kingsburg,NS
Hebbs Cross,NS
Woodlands,NB
Cross Creek,NB
North Milton,PE
Mechanic Settlement,NB
Digby,NS
Grafton,NB
Nashwaak Bridge,NB
Belfast,PE
St Anthony,NL
Stanley Bridge,PE
Italy Cross,NS
Bedeque and Area,PE
Windsor,NS
Crabbe Mountain,NB
Westmount,NS
Loch Lomond,NS
Moose Harbour,NS
Second Eel Lake,NB
Tyne Valley,PE
Winterhouse Brook / Woody Point,NL
Haute-Aboujagane,NB
Rogersville,NB
Wedgewood,NS
South Quinan,NS
Riverdale,NS
Three Fathom Harbour,NS
Upper Tantallon,NS
Big Pond,NS
Stanhope,PE
Hebron,PE
Chester Basin,NS
Bell Neck,NS
Atlanta,NS
Sydney Forks,NS
Pinehurst,NS
Utopia,NB
Lower Ohio,NS
Sunnyside,NL
Bedell,NB
McIntosh Hill,NB
Saint David Ridge,NB
Granville Ferry,NS
St. Peter's,NS
Beaver Harbour,NB
Sussex,NB
Midville Branch,NS
Allison,NB
Juniper,NB
Cambridge-Narrows,NB
Napan,NB
Ponds,NS
Chaswood,NS
Meteghan River,NS
New Ross,NS
Arichat,NS
Anse-Bleue,NB
Middle Stewiacke,NS
Newburg,NB
Wellington,NS
Alma,NB
Berwick,NB
Grande-Anse,NB
Pokesudie,NB
Amherstview,ON
Norton,NB
Launching,PE
Seaforth,NS
Smiths Cove,NS
Shelburne,NS
Rio Grande,NB
Howard,NB
Five Houses,NS
Mermaid,PE
Cox's Cove,NL
Birdton,NB
Port Lorne,NS
Evanston,NS
Greenfield,NB
French River,PE
Cormierville,NB
Saint-Basile,NB
Brudenell,PE
Petit-Cap,NB
Murray River,PE
Pollards Point,NL
Fortune Bridge,PE
Belleville,ON
Upper Rawdon,NS
Walkerville,NS
Macphersons Mills,NS
New Edinburgh,NS
Vernon Bridge,PE
Barrachois,NS
West Bay,NS
Bouctouche Bay,NB
Sherwood,PE
Granville Centre,NS
Simpsons Corner,NS
Melvern Square,NS
Barrington West,NS
Litchfield,NS
Tilley,NB
Garland,NS
Port Medway,NS
Debaies Cove,NS
Targettville,NB
Scotchtown,NS
Sharbot Lake,ON
Head of Montague,PE
Morell East,PE
New Dominion,PE
Val-D'amour,NB
Hampton,NS
Malpeque,PE
New Germany,NS
Elgin,NB
Indian Brook,NS
Westville,NS
Clifton Royal,NB
Debec,NB
Dover,NB
Stanley,NS
Valley Mills,NS
Centreville,NS
Aboujagane,NB
Milltown Cross,PE
West Lahave,NS
Red Rapids,NB
Dominion,NS
Mainland,NL
Shubenacadie,NS
Panmure Island,PE
Little Harbour,NS
Ogilvie,NS
Two Islands,NS
Abercrombie,NS
Northwest Cove,NS
Belleville South,NS
Arlington,NS
Camperdown,NS
Richibucto,NB
Reidville,NL
Seabright,NS
Millville,NB
Grand Lake,NB
Little Pond,PE
Hardwood Ridge,NB
Victoria,PE
French Lake,NB
Owls Head,NS
Murphy Cove,NS
Glenora,NS
St. Stephen,NB
Liverpool,NS
Point La Nim,NB
Wood Islands,PE
Balmoral,NB
Enon,NS
Pleasant Point,NS
North River,PE
Portland Creek,NL
Trois Ruisseaux,NB
Bloomfield,NB
Shediac River,NB
Chester,NS
Black River Bridge,NB
Trudel,NB
Annapolis Royal,NS
Argyle Sound,NS
Shemogue,NB
Sherbrooke,NS
CORNER BROOK,NL
Brazil Lake,NS
Ebbsfleet,PE
Brighton,NS
Gananoque,ON
Miscou,NB
Upper Lahave,NS
Hopewell Hill,NB
Lake Charlotte,NS
Parlee Brook,NB
St. Edward,PE
Arcadia,NS
Pasadena,NL
Sisson Ridge,NB
Kingston,NB
Saint-Simon,NB
Augustine Cove,PE
Landry Office,NB
Douglas Harbour,NB
McAdam,NB
Tignish,PE
St. Andrews,NL
Dundee,NB
Dean,NS
East Petpeswick,NS
South Brookfield,NS
Baie Verte,NB
Melville,NS
Miscouche,PE
Gillams,NL
Lakeville,NS
Allenville,NS
Lower Debert,NS
Rhines Creek,NS
Dufferin,NB
Saint-François-de-Madawaska,NB
Poulamon,NS
Prince Edward,ON
Gabarus,NS
Nine Mile Creek,PE
Streets Ridge,NS
East Lake Ainslie,NS
Kings Head,NS
Birchtown,NS
Bayside,NB
Belledune,NB
Storeytown,NB
Bocabec,NB
Hillsboro,PE
Salt Springs,NB
Halibut Bay,NS
Glenholme,NS
Chéticamp,NS
Point Aconi,NS
Lower Truro,NS
Sainte-Anne-De-Madawaska,NB
Sable River,NS
Western Head,NS
Great Village,NS
Fairview,NS
South Canaan,NB
Derby,NB
West Springhill,NS
Big Harbour Island,NS
Baxters Harbour,NS
Saint-Léolin,NB
Lucasville,NS
Baie-Sainte-Anne,NB
Spa Springs,NS
St. Anns,NS
Amherst Head,NS
Leonardville,NB
Upper Sackville,NS
Greenfield,NS
Shortts Lake,NS
McKay Section,NS
Nash Creek,NB
New Jersey,NB
Wilsons Cove,NS
Fairmont,NS
Wilmot,NS
Sandy Point,NS
Oxford,ON
Melanson,NS
Murray Harbour North,PE
Ashmore,NS
New Harbour,NS
Brunello Estates,NS
Bangs Falls,NS
Northport,PE
King's Point,NL
Debert,NS
St Andrew's,PE
Arthurette,NB
Berwick,NS
Penobsquis,NB
Chaplin Island Road,NB
Fosterville,NB
Frosty Hollow,NB
Pokiok,NB
Springdale,NB
Little Sands,PE
Chipmans Corner,NS
Burtts Corner,NB
Martins River,NS
Carlingford,NB
Lower Kars,NB
Long Reach,NB
Cardigan,PE
Hubbards,NS
Wicklow,NB
Rosebank,PE
Lower Woods Harbour,NS
North Grand Pre,NS
Seabrook,NS
Kiersteadville,NB
Clementsport,NS
Malagash Point,NS
Nackawic,NB
Newellton,NS
Beresford,NB
Molega Lake,NS
Fort Ellis,NS
Roberts Arm,NL
Steady Brook,NL
Quinan,NS
Park Corner,PE
Moosehead,NS
Half Island Cove,NS
Brass Hill,NS
Stephenville Crossing,NL
ST. ANTHONY,NL
Milton,NS
Wallbrook,NS
Bertrand,NB
Rosaireville,NB
Saint-Edouard-De-Kent,NB
Amherstburg,ON
Island View,NB
Clarence,NS
South Farmington,NS
Weymouth North,NS
Grand River,NS
Hartford,NS
Lahave,NS
Shag Harbour,NS
Marshfield,PE
Blacks Harbour,NB
Rose Valley,PE
Wentzells Lake,NS
Goshen,NS
Cormier Village,NB
MacDougall Settlement,NB
St. Anthony,NL
Baie Verte,NL
Lower Newcastle,NB
Little River,NS
Deadmans Cove,NL
Rusticoville,PE
FORTUNE,NL
Blanche,NS
Port Hood,NS
West Arichat,NS
Victoria Cross,PE
Plumweseep,NB
Guysborough,NS
Pennfield,NB
East Port Medway,NS
Welshtown,NS
Saint-André,NB
Iona,NS
Saint-Joseph,NB
Greenville,NS
Oakland,NS
Upper Stewiacke,NS
Nepisiguit Falls,NB
Canoe Cove,PE
Saint-Louis,NB
New Annan,PE
Harbour Breton,NL
Little Ridge,NB
North Range,NS
Crocker Hill,NB
South Branch,NS
Two Brooks,NB
Lower Coverdale,NB
Mascarene,NB
Gormanville,NS
Louisbourg,NS
Riverton,PE
Greenwich,NB
Ludlow,NB
Little Port L'Hebert,NS
Petit-Rocher-Sud,NB
Nigadoo,NB
Mill Cove,NS
Georges River,NS
Kingston,NS
Port aux Basques,NL
Trafalgar,NS
California Settlement,NB
South Berwick,NS
Glenfanning,PE
Red Rock,NB
Mont Carmel,PE
Knowlesville,NB
Grand Manan Island,NB
Cape Ray,NL
Meadowvale,NS
Clam Harbour,NS
Burgeo,NL
Pembroke,NB
Bay View,NS
River Ryan,NS
St. Peters Bay,PE
Florenceville-Bristol,NB
Wilmot Valley,PE
Pembroke,PE
Portage Vale,NB
Gaspereau,PE
Lower Canard,NS
Charters Settlement,NB
Chamberlain Settlement,NB
Oyster Bed Bridge,PE
Westport,NS
Grand Tracadie,PE
Carrolls Corner,NS
Pownal,PE
River Hebert,NS
Porter Cove,NB
Popes Harbour,NS
Kemptville,NS
Rhodes Corner,NS
Marshy Hope,NS
Petit-Rocher-Nord,NB
West Point,PE
Greater Napanee,ON
Avondale,NS
Dixon Point,NB
Dundas,NB
Upper Kent,NB
Grove Hill,NB
Wellington,PE
Lochleven,NL
South Uniacke,NS
Pomquet,NS
Georgeville,NS
Westchester,NS
Saint-Joseph-De-Kent,NB
Tracadie Cross,PE
Concession,NS
Brockway,NB
St. Peter's Harbour,PE
Midgell,PE
Kingston,ON
Canada Creek,NS
Beachside,NL
Ingonish,NS
Little Narrows,NS
McGregor,ON
Wileville,NS
Albany,PE
Broad Cove,NS
West Berlin,NS
Beaver Dam,NB
New Perth,PE
Norris Point,NL
Hay Cove,NS
Breadalbane,PE
Middle Lahave,NS
Cassidy Lake,NB
Cascumpec,PE
D'Escousse,NS
Port Hill,PE
Miltonvale Park,PE
Milford,NS
The Points West Bay,NS
Ingramport,NS
Sheet Harbour,NS
Hunt's Point,NS
Victory,NS
Big Tancook Island,NS
Salt Springs,NS
Masons Beach,NS
Canso,NS
Victoria Mines,NS
Round Hill,NS
Lower Wedgeport,NS
Hampstead,NB
Plainfield,ON
York Harbour,NL
Wickham,NB
Bellefond,NB
Searston,NL
Upper Blackville,NB
Benoit's Cove,NL
Lismore,NS
Village-Des-Poirier,NB
Ellerslie-Bideford,PE
Shepody,NB
Elgin,NS
West Bedford,NS
Saint-Marie-Saint-Raphaël,NB
Belmont,NS
La Scie,NL
Neguac,NB
New Haven,PE
Roslin,ON
Windsor Forks,NS
French Village,NS
Beaverdam Lake,NS
Lake Echo,NS
Clayton Park,NS
Belliveaus Cove,NS
Oak Haven,NB
Four Falls,NB
Maximeville,PE
Jeddore,NS
North Carleton,PE
Riverside-Albert,NB
Damascus,NB
DeSable,PE
Freeland,PE
Loch Broom,NS
Somerset,NS
Rockland,NS
Newport,PE
Clifton,NB
Upper Keswick,NB
Deep Brook,NS
Laplante,NB
Baddeck,NS
Spencers Island,NS
Windsor Junction,NS
Siegas,NB
Maders Cove,NS
Pointe-À-Tom,NB
Lower Clyde River,NS
Silverdale,NL
"Hardy's Cove, Hermitage",NL
HOWLEY,NL
Marches Point,NL
Channel-Port aux Basques,NL
Middle East Pubnico,NS
Freeport,NS
Picton,ON
Iris,PE
Elmira,PE
Glassville,NB
Bayport,NS
Delaps Cove,NS
Kelleys Cove,NS
Lower Burlington,NS
Weymouth,NS
Upper Lakeville,NS
Grand Falls- Windsor,NL
Humber Valley,NL
Middleton,PE
Tay Creek,NB
Brantville,NB
Dundee,NS
Mulgrave,NS
Brooklyn Corner,NS
Middle New Cornwall,NS
Kingsville,ON
Lutes Mountain,NB
Brookvale,PE
Dawson Settlement,NB
Forest Hills,NS
Conquerall Mills,NS
South Ohio,NS
Kirkland,NB
Broad Cove Marsh,NS
Havre Boucher,NS
Upper Coverdale,NB
Greenwood Square,NS
Belle River,PE
Harmony,NS
New Canaan,NB
Watervale,NS
Grosses Coques,NS
Church Point,NS
Point Prim,PE
Daniels Harbour,NL
Colpitts Settlement,NB
Victoria Beach,NS
Central Greenwich,NB
Parkers Cove,NS
Johnville,NB
Plympton Station,NS
Upper Vaughan,NS
Harbourville,NS
Burntland Brook,NB
Elmwood,NS
Whites Brook,NB
Churchover,NS
Piccadilly,NL
Kingsboro,PE
Glen Margaret,NS
Cape St. George,NL
Parkindale,NB
Lake Loon,NS
Petite-Lamèque,NB
Dayspring,NS
Onslow Mountain,NS
Glencoe,NS
Argyle Shore,PE
Hermitage,PE
Belle Marche,NS
Heathland,NB
Jacksons Mountain,NS
Bayhead,NS
Millertown Junction,NL
Fawcett Hill,NB
Blackville,NB
South Tetagouche,NB
Gloucester Junction,NB
Pabineau Falls,NB
Barachois,NB
Beaubassin East,NB
Champ Dore,NB
Johnston Point,NB
Chiasson Office,NB
Campobello Island,NB
Campobello,NB
Lakeview,NB
Weldon,NB
Verret,NB
Saint-Joseph-De-Madawaska,NB
Green River,NB
Oromocto,NB
Upper Kingsclear,NB
Kingsley,NB
Sevogle,NB
Saint Margarets,NB
Wayerton,NB
Exmoor,NB
Skiff Lake,NB
Pointe de Bute,NB
Tidnish Bridge,NS
East Amherst,NS
Fort Lawrence,NS
Coburg,NB
Tidnish Cross Roads,NS
Savoie Landing,NB
Benoit,NB
Rivière-À-La-Truite,NB
Losier Settlement,NB
Gauvreau,NB
Tracadie Beach,NB
Val-Comeau,NB
Tilley Road,NB
Six Roads,NB
Durrell (Twillingate),NL
Labrador City,NL
Joe Batt's Arm,NL
Wabush,NL
Twillingate,NL
Happy Valley-Goose Bay,NL
Durrell,NL
Boyd's Cove,NL
Happy valley-Goose Bay,NL
Purcell's Harbour,NL
Pike's Arm,NL
Happy Valley / Goose Bay,NL
Roger's Cove,NL
Cow Head,NL
"Fogo, Fogo Island",NL
Fogo Island (Stag Harbour),NL
Fogo Island (Barr'd Islands),NL
Main Brook,NL
Roddickton-Bide Arm,NL
Rocky Harbour,NL
Kings Point,NL
Change Island,NL
Fogo Island( Joe batts Arm),NL
Fogo Island(Deep Bay),NL
Fogo,NL
Fogo Island,NL
Fogo Island(Tilting),NL
Port Saunders,NL
Town of Fogo Island,NL
Fogo Island(Shoal Bay),NL
Change Islands,NL
Taylors Brook,NL
Blue Cove,NL
Rattling Brook,NL
St John's,NL
St. John's,NL
st.johns,NL
Botwood,NL
Foxtrap,NL
Long Harbour,NL
Paradise,NL
Witless Bay,NL
CARBONEAR,NL
Carbonear,NL
Georgetown,NL
Conception Bay South,NL
Bonavista,NL
St.John's,NL
Tay,ON
Golden Gullies,NL
Bay Roberts,NL
Marystown,NL
Archipelago,ON
Severn,ON
Beaverton,ON
Blind River,ON
Port Severn,ON
Hopeall,NL
Brigus,NL
West Shore,ON
Gander,NL
Mount Pearl,NL
Oro Station,ON
Phelpston,ON
Portugal Cove - St. Philips,NL
Cupids,NL
Spaniards Bay,NL
Harbour Grace,NL
Big Salmonier,NL
Portugal Cove - St. Phillips,NL
Clarenville,NL
Point of Bay,NL
St John’s,NL
Lewisporte,NL
Winterton,NL
Springwater,ON
Mount Carmel,NL
Pefferlaw,ON
Callander,ON
ST. JOHN'S,NL
Pouch Cove,NL
Port McNicoll,ON
Bell Island,NL
South Bruce Peninsula,ON
New Chelsea,NL
Peterborough,ON
Coldwater,ON
Gambo,NL
CLARENVILLE,NL
Makinsons,NL
Conception Hr.,NL
Conception Harbour,NL
Clarke's Beach,NL
St. John 's,NL
Port Aux Bras,NL
Hr. Grace,NL
Lumsden,NL
WITLESS BAY,NL
Placentia,NL
Holyrood,NL
St. John’s,NL
Burin,NL
Dunville - Placentia,NL
"St. John's, NL",NL
Norris Arm,NL
Wesleyville,NL
Creemore,ON
Whitbourne,NL
"Patton Twp, Algoma District",ON
Trent Lakes,ON
Sudbury,ON
St. Lawrence,NL
Southern Shore,NL
Penetanguishene,ON
Portugal Cove - St Phillips,NL
"Portugal Cove, St. Phillips",NL
Torbay,NL
Gilmour,ON
Kingston,NL
Colliers,NL
St. Philips,NL
Blaketown,NL
Washago,ON
Summerford,NL
Random Island,NL
Winterland,NL
Apsley,ON
Portugal Cove,NL
Ramara,ON
Omemee,ON
Brechin,ON
The Blue Mountains,ON
St.Johns,NL
Spread Eagle,NL
Wabana,NL
Campbellford,ON
Horseshoe Valley,ON
Arran-Elderslie,ON
Freshwater,NL
Bay Bulls,NL
Portugal Cove- St. Philip's,NL
SMALL POINT-BROAD COVE-BLACKHEAD,NL
Eastport,NL
Lethbridge,NL
Reids Pond,NL
Flatrock,NL
Portugal Cove-St. Philips,NL
Conception Bay south,NL
Owen Sound,ON
Dunville,NL
Keels,NL
Thessalon,ON
Arnold's Cove,NL
Mt Pearl,NL
Southampton,ON
Stayner,ON
St. Phillips,NL
New-Wes-Valley,NL
Red Harbour,NL
Charleston,NL
Campbellton,NL
Simcoe,ON
Ferndale Placentia,NL
Bay De Verde,NL
Embree,NL
LAKE OF THE WOODS,ON
Glovertown,NL
Dunfield,NL
Snow Valley,ON
Petty Harbour Maddox Cove,NL
Mobile,NL
Heart's Delight-Islington,NL
Centreville,NL
CAPE BROYLE,NL
Logy Bay,NL
St. Johns,NL
New Harbour,NL
Bareneed,NL
Point La Haye,NL
King's Cove,NL
Utopia,ON
Lakefield,ON
Portugual cove/St Philips,NL
Tors Cove,NL
Algoma Mills,ON
Brigus Junction,NL
North River,NL
Ferryland,NL
"New Harbour, Trinity Bay",NL
Port au Bras,NL
Swift Current,NL
Conception Bay Central,NL
Nottawa,ON
Sandy Cove,NL
St. Bernards,NL
Chapleau,ON
MacTier,ON
Goulds Big Pond,NL
Norman's Cove,NL
Warminster,ON
Broad Cove,NL
Iron Bridge,ON
Coboconk,ON
Bracebridge (Macaulay),ON
Bay de Verde,NL
Nipissing,ON
Peterview,NL
Dunsford,ON
Britannia,NL
Little Bay,NL
Georgina,ON
Utterson,ON
South Dildo,NL
Lower Island Cove,NL
Hearts Content,NL
Markland,NL
Bauline,NL
Carmanville,NL
Georgian Bluffs,ON
Temiskaming Shores (Haileybury),ON
Clarkes Beach,NL
Musgrave Harbour,NL
CBS,NL
Garnish,NL
Square Pond,NL
Markdale,ON
Bunyan's Cove,NL
New Wes Valley,NL
Heart's Desire,NL
Goulds Pond,NL
Fenelon Falls,ON
Kawartha Lakes,ON
Shearstown,NL
BRISTOLS HOPE,NL
SOUTHERN BAY,NL
Essa,ON
Glenwood,NL
Bishops Cove,NL
South River,NL
Port de Grave,NL
Spaniard's Bay,NL
Roaches Line,NL
Upper Island Cove,NL
Hodgewater Line,NL
Harbour Main,NL
Dildo,NL
Old Shop,NL
Greens Harbour,NL
Green's Harbour,NL
Conception Bay North,NL
Conception Hr,NL
Ocean Pond,NL
wabana,NL
Salmon Cove,NL
Victoria,NL
Small Point,NL
Hearts Desire,NL
Lady Cove,NL
Milton,NL
Petley,NL
Elliotts Cove,NL
Mt. Pearl,NL
St.John’s,NL
Chapels Cove,NL
"St. John's, NL   A1B 0S2",NL
Logy Bay-Middle Cove-Outer Cove,NL
Southlands,NL
Avondale,NL
Portugal Cove- St. Phillips,NL
Petty Harbour,NL
Middle Gull Pond,NL
Outer Cove,NL
Portugal Cove/St. Phillipe,NL
LOGY BAY,NL
Logy Bay / Middle Cove / Outer Cove,NL
Portugal Cove - St Philips,NL
Goulds,NL
Middle Cove,NL
Portugal Cove St Phillips,NL
Meadows,NL
Massey Drive,NL
Bishops Falls,NL
Bay D'Espoir Highway,NL
Creston South,NL
Burin Bay Arm,NL
Humber Valley Resort,NL
HUMBER VALLEY RESORT,NL
Little Rapids,NL
Ochre Pit Cove,NL
Port au Port West,NL
STEPHENVILLE,NL
Gull Pond,NL
Point Au Mal,NL
Cottrell's Cove,NL
Parkers Cove,NL
St. Vincent's,NL
GOOBIES NORTH,NL
Bunyans Cove,NL
Bloomfield,NL
Catalina,NL
Western Bay,NL
Come By Chance,NL
St Lawrence,NL
Port Blandford,NL
Centerville-Warham-Trinity,NL
Saint Bernards-Jacques Fontaine,NL
Fortune Harbour,NL
Port Rexton,NL
Freshwater Placentia,NL
Harris Point,NL
Frederickton,NL
Comfort Cove,NL
Cottrells Cove,NL
Leading Tickles,NL
Branch,NL
Cape Broyle,NL
Trinity,NL
Salmonier,NL
Gaskiers,NL
Peters River,NL
Newman's Cove,NL
Burnt Point,NL
Bellevue,NL
St. Marys,NL
Wing's Point,NL
Indian Bay,NL
Placentia Junction,NL
"Freshwater, Placentia",NL
Greenspond,NL
Pleasant Valley,NS
Gabarus Lake,NS
Stonehurst North,NS
Avonport,NS
St. Stephens,NL
Anagance,NB
Lark Hr.,NL
Eagle Head,NS
Trinity Bay north (Port Union),NL
Fox Point,NS
Torbrook West,NS
Gavelton,NS
Whiteburn Mines,NS
New Argyle,PE
Maisonnette,NB
Williamsburg,NB
Point Leamington,NL
Benton,NB
Harrington,PE
Oakhill,NS
Renous,NB
Renews,NL
Belnan,NS
Glendale,NS
Keddys Corner,NS
Goose River,PE
Admirals Cove,NL
Bear River,PE
Cartyville,NL
South Brook,NL
Sampsonville,NS
Leminster,NS
Lakeview,NS
St. Margaret's,PE
Buchans,NL
Westbay,NL
Louisdale,NS
Dingwall,NS
Caribou Marsh,NS
East Chezzetcook,NS
Margaree Valley,NS
Hillsburn,NS
Norris Arm North,NL
Bonne Bay Pond,NL
Comeaus Hill,NS
Sherbrooke Lake,NS
North Lake,NB
Saint James,NB
Southern Harbour,NL
Saint-Paul,NB
Peakes,PE
Georgetown,PE
Letang,NB
Spruce Brook,NL
Hartland,NB
Halls Harbour,NS
Cains River,NB
Port Union,NL
Militia Point,NS
Middle River,NS
Molega North,NS
Rocky Point,PE
Oak Park,NS
Baddeck Bay,NS
Eastville,NS
Albion,PE
Sandy Cove,NS
Molega,NS
Haliburton,PE
Fort Augustus,PE
Pleasantfield,NS
Little Tancook Island,NS
Mundleville,NB
St George's,NL
Windsor Road,NS
Brighton,PE
Lower Five Islands,NS
Woodside,NS
Shulie,NS
Appleton,NL
Badger's Quay,NL
Taxis River,NB
Kildare,PE
Mattatall Lake,NS
Western Shore,NS
Hatfield Point,NB
Pinchgut,NL
Cap La Ronde,NS
Knoxford,NB
Indian Arm West,NL
Lakelands,NS
Bay D'Espoir (Exploits District),NL
Trepassey,NL
Murray Corner,NB
Churchview,NS
Blue Mountain,NS
Terra Nova,NL
Bedford West,NS
Elmsdale,PE
Northern Arm,NL
Springdale,NS
Dalhousie Junction,NB
Cable Head East,PE
Mcleods,NB
Birch Ridge,NB
Kolbec,NS
East Stewiacke,NS
Millview,PE
Little Bras D'Or,NS
Laurenceton,NL
Balfron,NS
L'Ardoise,NS
Lower Economy,NS
Leiblin Park,NS
Roachvale,NS
Cumberland Bay,NB
Newtonville,NS
Rock Barra,PE
Richmond,PE
Bras D'Or,NS
Monastery,NS
The Lodge,NS
Centreville,NB
Aulds Cove,NS
Boiestown,NB
Saint-Norbert,NB
Hortonville,NS
High Bank,PE
North Lake,PE
Baie-Egmont,PE
Mitchell Bay,NS
Back Bay,NB
Rodgers Cove,NL
Balmoral Mills,NS
Old Perlican,NL
Maxwellton,NS
Port Howe,NS
East Ferry,NS
Collingwood Corner,NS
Sandford,NS
Mount Hanley,NS
Kempt Shore,NS
Louis Head,NS
Central Woods Harbour,NS
Howard Brook,NB
Nail Pond,PE
Morris Island,NS
Saint-Léonard-Parent,NB
West Bay Marshes,NS
Noggin Cove,NL
Port La Tour,NS
DeGros Marsh,PE
Lower Argyle,NS
New London,PE
Seeleys Cove,NB
Arlington West,NS
Norboro,PE
Byers Lake,NS
Upper Economy,NS
Rowena,NB
Inverside,NS
Évangéline,NB
Rockdale,NS
Marne,NB
Ostrea Lake,NS
Petite-Rivière-de-I'lle,NB
St. Chad's,NL
Redbank,NB
Johnson Settlement,NB
Pinkneys Point,NS
Currie,NB
Hicks Settlement,NB
Baker Brook,NB
Malagawatch,NS
Upper Whitehead,NS
West St. Peters,PE
Wedgeport,NS
Harriston,NS
Cleveland,NS
Lower Cambridge,NB
Crapaud,PE
Notre-Dame-de-Lourdes,NB
Seffernville,NS
Galloway,NB
Danvers,NS
Cape Forchu,NS
"Dunville, Placentia",NL
Rocklin,NS
Cambridge,PE
Masstown,NS
Malden,NB
Margaree Forks,NS
Ivany's Cove,NL
Haut-Paquetville,NB
West Pugwash,NS
Earltown,NS
Souris West,PE
Coteau Road,NB
Upper Granville,NS
Mount Mellick,PE
Tignish Shore,PE
First South,NS
Nictau,NB
Advocate Harbour,NS
Printz Cove,NB
Tracyville,NB
Middle Cape,NS
Salvage,NL
St. Martins,NB
Pointe-Sapin,NB
Comfort Cove-Newstead,NL
Pleasant Lake,NS
Little Brook,NS
Brule Point,NS
DSL de Grand-Sault/Falls,NB
Reynoldscroft,NS
Upper Salmon Creek,NB
Sturgeon,PE
Elliston,NL
Gull Island,NL
New Russell,NS
River Bourgeois,NS
Whitney,NB
Dutch Brook,NS
Long Settlement,NB
Port Shoreham,NS
Beech Hill Farms,NS
Barryville,NB
Ketch Harbour,NS
Waterville,NB
Purcell's Cove,NS
Gander River,NL
Robinsonville,NB
Kedgwick,NB
East Lawrencetown,NS
Wittenburg,NS
Tarbotvale,NS
French Road,NS
Birchy Head,NS
South Haven,NS
East Quinan,NS
Point au Mal,NL
Linkletter,PE
Round Bay,NS
Whites Corner,NS
Wilmot,NB
Dutch Valley,NB
East Canaan,NS
Arisaig,NS
Waldeck East,NS
South Tremont,NS
Holmesville,NB
Bauline East,NL
Aberdeen,NS
Summerville,NL
Melford,NS
Miminegash,PE
Cape George Estates,NS
Plymouth,NS
Temperance Vale,NB
English Harbour East,NL
Doctors Cove,NS
Dipper Harbour,NB
Gardners Mills,NS
Riverbank,NB
Inkerman,NB
Goose Cove,NL
Malagash Centre,NS
Cape St George,NL
East Bideford,PE
Mavillette,NS
West Jeddore,NS
Hunters Home,NB
Pictou Island,NS
Inlet Baddeck,NS
Malagawash,NS
Upper Musquodoboit,NS
West Green Harbour,NS
Prince William,NB
Jordan Bay,NS
Waterford,NS
Pigeon Hill,NB
Upper New Cornwall,NS
Haut-Rivière-du-Portage,NB
Grande Anse,NS
Wallace Bay,NS
Manganese Mines,NS
St. Chrysostome,PE
Upper Rexton,NB
Mill Cove,NB
Montrose,PE
St George's Channel,NS
Middle West Pubnico,NS
Little Bay East,NL
Tiverton,NS
East Pubnico,NS
Middlefield,NS
Selkirk Road,PE
Middle Musquodoboit,NS
Appin Road,PE
Terrenceville,NL
Head Of St. Margarets Bay,NS
Canavoy,PE
Abrams Village,PE
Harrietsfield,NS
Centrelea,NS
South Alton,NS
Canoose,NB
Main-À-Dieu,NS
Bucklaw,NS
Erinville,NS
Murray Harbour,PE
White Head Island,NB
Bellevue Beach,NL
South Lake,PE
Oxbow,NB
Southwest Cove,NS
St Croix Cove,NS
L'etete,NB
Robert's Arm,NL
Second Falls,NB
Roberta,NS
Cape George,NS
Weston,NB
Musgravetown,NL
St. Alban's,NL
St. Alphonse,NS
Port Royal,NS
Beechwood,NB
Burgoynes Cove,NL
East Centreville,NB
Apohaqui,NB
East Grand Lake,NB
Upper Canard,NS
Larry's River,NS
Durham,NS
Rossway,NS
Teahans Corner,NB
Pleasant River,NS
Boularderie East,NS
Maccan,NS
Lower Derby,NB
Wolfville Ridge,NS
Marble Mountain,NS
Heatherdale,PE
North Grant,NS
Fourchu,NS
PORT REXTON,NL
Mersey Point,NS
St. Albans,NL
Bois-Gagnon,NB
Cheverie,NS
Marriott's Cove,NS
Pine Grove,NS
Lower Saulnierville,NS
Culloden,NS
Gilberts Cove,NS
Virginia East,NS
Hillgrove,NS
Doucetteville,NS
Rose Bay,NS
Upper Northfield,NS
Conquerall Bank,NS
Currys Corner,NS
Hebron,NS
Milton Highlands,NS
Nova Scotia,NS
Canaan,NS
Yellowknife,NT
Fort Liard,NT
Hay River,NT
Whitehorse North,YT
Whitehorse,YT
Fort Nelson,BC
High Level,AB
Whitehorse South,YT
Wabasca,AB
Norman Wells,NT
Anzac,AB
Notikewin,AB
Rural Mackenzie County,AB
Nampa,AB
Manning,AB
Taylor,BC
"Rural Opportunity No. 17, M.D. of",AB
"Rural Northern Lights, County of",AB
"Rural Fairview No. 136, M.D. of",AB
Watson Lake,YT
Mayo,YT
St. Isidore,AB
Rainbow Lake,AB
Berwyn,AB
Fort Vermilion,AB
"Rural Smoky River No. 130, M.D. of",AB
Fort St. John - City SE,BC
Gregoire Lake Estates,AB
Marie Reine,AB
Teslin,YT
Atlin,BC
Zama City,AB
Faro,YT
North Star,AB
Cassiar,BC
Yukon Wide,YT
Fort Nelson - Remote,BC
Fort Nelson - Town,BC
Red Earth Creek,AB
Longlac,ON
Nakina,ON
Kakabeka Falls,ON
Manitouwadge,ON
Shuniah,ON
Oliver Paipoonge,ON
THUNDER BAY,ON
Fort Frances,ON
Richards Landing,ON
Marathon,ON
Terrace Bay,ON
RAINY RIVER,ON
Rosslyn,ON
Bruce Mines,ON
Geraldton,ON
Neebing Township,ON
Rainy River,ON
Echo Bay,ON
Jacques,ON
Wawa,ON
Aweres Township,ON
"Echo Bay, Laird Twp",ON
Chapple,ON
Prince Township,ON
Beardmore,ON
Dubrevilville,ON
Laird Township,ON
COLDWELL TWP,ON
Island Lake,ON
Sasult Ste. Marie,ON
North Bay,ON
Desbarats,ON
TERRACE BAY,ON
Atikokan,ON
Rossport,ON
St. Joseph Island,ON
GERALDTON,ON
Thunder Bay Unorganized,ON
Devlin,ON
Spragge,ON
BARWICK,ON
Barwick/Chapple,ON
Township of Michano,ON
STRATTON,ON
Neebing,ON
Dubreuilville,ON
Township of Jollineau,ON
Batchawana,ON
SCHREIBER,ON
Spanish,ON
Alberton,ON
North Bay (Central),ON
Hornepayne,ON
Monetville,ON
Stratton,ON
Searchmont,ON
"Geraldton, Greenstone",ON
Shebandowan,ON
Mine Center,ON
Mine Centre,ON
Field,ON
Schreiber,ON
Oakville,ON
Hamilton,ON
Oshawa,ON
Stoney Creek,ON
Cambridge,ON
London,ON
Wilsonville,ON
Windsor,ON
Delhi,ON
Waterdown,ON
Kitchener,ON
Thorold,ON
Paris,ON
Orangeville,ON
Burlington,ON
Waterford,ON
Toronto,ON
Port Colborne,ON
Hagersville,ON
Essex,ON
Belle River,ON
Chatham,ON
Ancaster,ON
Jarvis,ON
Grimsby,ON
St. Clements,ON
Burford,ON
Tillsonburg,ON
Courtland,ON
Waterloo,ON
Mississauga,ON
Leamington,ON
Grand Bend,ON
Selkirk,ON
Guelph,ON
Mount Hope,ON
Tecumseh,ON
Dunnville,ON
Innerkip,ON
Beamsville,ON
Brantford,ON
Caledonia,ON
Carlisle,ON
Dundas,ON
LaSalle,ON
Baden,ON
TWP Joceyln,ON
Binbrook,ON
Niagara Falls,ON
Elora,ON
St. Catharines,ON
Milton,ON
Road,NS
Newport,NS
Mount Forest,ON
Gowanstown,ON
Port Dover,ON
North Dumfries,ON
Woodstock,ON
Ilderton,ON
Norfolk County,ON
Sarnia,ON
Welland,ON
Glanbrook,ON
Scotland,ON
Thorndale,ON
Vittoria,ON
Windham Centre,ON
Listowel,ON
Bloomingdale,ON
Freelton,ON
Ayr,ON
Niagara-on-the-Lake,ON
Walsingham,ON
Flamborough,ON
Fergus,ON
Etobicoke,ON
Exeter,ON
St. Thomas,ON
Glen Morris,ON
Nanticoke,ON
St. Anns,ON
Wainfleet,ON
Minesing,ON
Thornton,ON
Glencairn,ON
Hawkestone,ON
Anten Mills,ON
Guthrie,ON
Georgetown,ON
Peel,ON
York,ON
Nobleton,ON
Erin,ON
North York,ON
Acton,ON
Halton Hills,ON
Woodbridge,ON
Richmond Hill,ON
Glen Williams,ON
Toronto (South Parkdale),ON
Hamilton (St. Clair),ON
Hamilton (Stinson),ON
Hamilton (Landsdale),ON
Bronte,ON
Puslinch,ON
Halton,ON
Lincoln,ON
Hannon,ON
Grassie,ON
Caistor Centre,ON
Smithville,ON
Lynden,ON
Heidelberg,ON
Wilmot Township,ON
Breslau,ON
St. Jacobs,ON
Mannheim,ON
Plattsville,ON
Elmira,ON
New Hamburg,ON
Wellesley,ON
Tavistock,ON
Crosshill,ON
Conestogo,ON
Hamilton Twp,ON
Markham,ON
Markham (Cornell),ON
Toronto (Agincourt South-Malvern West),ON
Scarborough,ON
Pickering,ON
Aurora,ON
Oakwood,ON
Ajax,ON
Oshawa (Lakeview),ON
Clarington,ON
Carp,ON
Newmarket,ON
Maidstone,ON
South Melville,PE
Rice Point,PE
Georgetown Royalty,PE
South Pinette,PE
Lower Bedeque,PE
St. Nicholas,PE
Bryenton,NB
Clermont,PE
Rural Leduc County,AB
Raymond,AB
Robb,AB
Innisfree,AB
Hedley,BC
Sedgewick,AB
Skookumchuck,BC
"Rural Lesser Slave River No. 124, M.D. of",AB
Elko,BC
Plamondon,AB
Picture Butte,AB
Viking,AB
Blairmore,AB
Rural Big Lakes County,AB
Milk River,AB
Warner,AB
"Rural Pincher Creek No. 9, M.D. of",AB
Fox Creek,AB
"Rural Paintearth No. 18, County of",AB
Macklin,SK
Rochon Sands,AB
Panorama Mountain,BC
Irvine,AB
Bindloss,AB
Calmar,AB
Burdett,AB
Slave Lake,AB
Harrop,BC
Wardner,BC
Rural Lac Ste. Anne County,AB
Rural Lac La Biche County,AB
Youngstown,AB
Irma,AB
Mayerthorpe,AB
"Rural Forty Mile No. 8, County of",AB
Riondel,BC
Wynndel,BC
Colinton,AB
Sandy Lake,AB
Rural Wetaskiwin County,AB
Dewberry,AB
Magrath,AB
"Rural Willow Creek No. 26, M.D. of",AB
Fort Saskatchewan,AB
Clandonald,AB
Bassano,AB
Falher,AB
Hughenden,AB
Coutts,AB
Buck Lake,AB
Lister,BC
Sunbreaker Cove,AB
Vegreville,AB
Rural Kneehill County,AB
St. Paul Town,AB
Vulcan,AB
Hardisty,AB
Barnwell,AB
Coronation,AB
Redwater,AB
Rolling Hills,AB
Rimbey,AB
Ainsworth,BC
Consort,AB
Nobleford,AB
Enchant,AB
Munson,AB
Suffern Lake,SK
Widewater,AB
Acme,AB
Drayton Valley,AB
